id,name,model_id:id,group_id:id,perm_read,perm_write,perm_create,perm_unlink
access_sale_stone_workshop_input_selection_user,sale.stone.workshop.input.selection.user,model_sale_stone_workshop_input_selection,base.group_user,1,1,1,0
access_sale_stone_workshop_input_selection_stock_manager,sale.stone.workshop.input.selection.stock.manager,model_sale_stone_workshop_input_selection,stock.group_stock_manager,1,1,1,1
access_sale_stone_workshop_process_line_user,sale.stone.workshop.process.line.user,model_sale_stone_workshop_process_line,base.group_user,1,1,1,1
access_sale_stone_workshop_process_line_stock_manager,sale.stone.workshop.process.line.stock.manager,model_sale_stone_workshop_process_line,stock.group_stock_manager,1,1,1,1
access_som_sample_request_salesman,som.sample.request.salesman,model_som_sample_request,sales_team.group_sale_salesman,1,1,1,0
access_som_sample_request_manager,som.sample.request.manager,model_som_sample_request,sales_team.group_sale_manager,1,1,1,1
access_som_sample_request_authorizer,som.sample.request.authorizer,model_som_sample_request,inventory_shopping_cart.group_price_authorizer,1,1,1,0
access_som_sample_request_logistics,som.sample.request.logistics,model_som_sample_request,sale_delivery_wizard.group_delivery_user,1,1,0,0
access_som_sample_request_workshop,som.sample.request.workshop,model_som_sample_request,stone_workshop.group_workshop_manager,1,1,0,0
access_som_sample_request_line_salesman,som.sample.request.line.salesman,model_som_sample_request_line,sales_team.group_sale_salesman,1,1,1,1
access_som_sample_request_line_authorizer,som.sample.request.line.authorizer,model_som_sample_request_line,inventory_shopping_cart.group_price_authorizer,1,1,1,1
access_som_sample_request_line_logistics,som.sample.request.line.logistics,model_som_sample_request_line,sale_delivery_wizard.group_delivery_user,1,1,0,0
access_som_sample_request_line_workshop,som.sample.request.line.workshop,model_som_sample_request_line,stone_workshop.group_workshop_manager,1,1,0,0
access_som_sample_request_size_salesman,som.sample.request.size.salesman,model_som_sample_request_size,sales_team.group_sale_salesman,1,1,1,1
access_som_sample_request_size_authorizer,som.sample.request.size.authorizer,model_som_sample_request_size,inventory_shopping_cart.group_price_authorizer,1,1,1,1
access_som_sample_request_size_logistics,som.sample.request.size.logistics,model_som_sample_request_size,sale_delivery_wizard.group_delivery_user,1,0,0,0
access_som_sample_request_size_workshop,som.sample.request.size.workshop,model_som_sample_request_size,stone_workshop.group_workshop_manager,1,0,0,0
access_som_sample_reject_wizard_authorizer,som.sample.reject.wizard.authorizer,model_som_sample_reject_wizard,inventory_shopping_cart.group_price_authorizer,1,1,1,1
access_som_sample_request_step_salesman,som.sample.request.step.salesman,model_som_sample_request_step,sales_team.group_sale_salesman,1,1,1,1
access_som_sample_request_step_authorizer,som.sample.request.step.authorizer,model_som_sample_request_step,inventory_shopping_cart.group_price_authorizer,1,1,1,1
access_som_sample_request_step_logistics,som.sample.request.step.logistics,model_som_sample_request_step,sale_delivery_wizard.group_delivery_user,1,1,0,0
access_som_sample_request_step_workshop,som.sample.request.step.workshop,model_som_sample_request_step,stone_workshop.group_workshop_manager,1,1,0,0
